Txn Hash,Nonce,Last Seen,Gas Limit,Gas Price,From,To,Value
0xb85640fa9fc55bae772a4bea658850d68765263e1861ecf5c6e962a52d881717,527620,secs ago,140000,35 Gwei,0x1062a747393198f70f71ec65a582423dba7e5ab3,0xdac17f958d2ee523a2206206994597c13d831ec7,0 Ether
0x9f1abf64c0c61f2e9d747ce5ed54296bd63a074ae2a35ffcaaed24e5bfaa32ec,54849,secs ago,150000,4 Gwei,0x9bc2f223026c252c8ef5f7f33f00f4bee21434b8,0x514910771af9ca656af840dff83e8264ecf986ca,0 Ether
0xb74fd6247f18246d180fbe6e4be574d33219b21ca9be863764c4b34b6d5126ba,538159,secs ago,140000,35 Gwei,0xab5c66752a9e8167967685f1450532fb96d5d24f,0xdac17f958d2ee523a2206206994597c13d831ec7,0 Ether
0x169e0550fef90de7a306cd2388670c67fefa63e2bffc27ee60214033df8cb94a,546998,secs ago,140000,35 Gwei,0x6748f50f686bfbca6fe8ad62b22228b87f31ff2b,0xdac17f958d2ee523a2206206994597c13d831ec7,0 Ether
0x632d0204902cd8c83df262f26ccd742985acbd39e2d1c08d32510c78b961776e,18351,secs ago,120000,98.617 Gwei,0x7fec5b3d62f357dc0431f38ed73c8198420430d5,0xf8066f4c6418e37a9828b02be107a5d7eb819a96,0 Ether
0xbc8b2c95ecf04f6fb65ed22b4fa88c4f9e868aa4f490d2a3713dfcb3fc4ca905,414580,secs ago,140000,35 Gwei,0xe93381fb4c4f14bda253907b18fad305d799241a,0xdac17f958d2ee523a2206206994597c13d831ec7,0 Ether
0xf412ed8d65aadc04e1a5a072473e90685e45bc141e5dee5c3edc8ecee0153209,146,secs ago,200000,20 Gwei,0x9762d3ded86dbeba72730f1e0e11bccb32b5442c,0xaa4cf863ec2553d2ef56f2e9f5244ad07ddece5a,0.01 Ether
0xde2265b9cea9326ac21025a64db984410a1de6d1fbcdceb540f908f76aa4cc1e,589,secs ago,60000,5.5 Gwei,0xb9a13f74f4d8e06f235a7952adc3ac8cd44e9ea8,0xdac17f958d2ee523a2206206994597c13d831ec7,0 Ether
0x0229af7812d4ca5b8c815505d54e13bcb0eff00acabfd22b881a18f0088bc913,200954,secs ago,597610,2 Gwei,0x7dbc5395d1cb5f829bc8eca20f16bed7bceca504,0x8a91c9a16cd62693649d80afa85a09dbbdcb8508,0 Ether
0xa364dcd574f2fc810cf9047f191aafe2bfcc27b2a877fce23c5c3fb0d4b9c3e8,12630,secs ago,168930,5 Gwei,0x1e8afd7e4fe1ed2c190ae3817eba9f942d1b1a03,0xfaafdc07907ff5120a76b34b731b278c38d6043c,0 Ether
0x29f0025f3c07e87ca8154915ca0bbe7dc99300eb2a76c603745badb52ecc8039,31,secs ago,46678,6 Gwei,0xf0d193d8524ec55fe2f5159aad2ba1a264993605,0x06012c8cf97bead5deae237070f9587f8e7a266d,0 Ether
0x064e81383e3493e101f1c040b800163a7f23e08d2361b3999feadd153c0fe61b,2114,secs ago,21000,52 Gwei,0x22540cf5fa0101375513106f14940619cbc0f35c,0x2a7f14a5bf90b6673381e2baeccf3f04e8f233ab,10.42 Ether
0x38aa3cfe3c41300f90378e33c93360d51f8021b8cfa47b69397ddc6df20a41eb,2114,secs ago,21000,52 Gwei,0xcabda7c04a240498636ee0e535e0596b504c66d2,0xd46b442b8038e98db5aadced97976e484a270d14,99.99 Ether
0x8e88ac84201293b006bb61f4de7a5a07d048504bbd96abf9ddc3d423f888dad6,200955,secs ago,346689,2 Gwei,0x7dbc5395d1cb5f829bc8eca20f16bed7bceca504,0x8a91c9a16cd62693649d80afa85a09dbbdcb8508,0 Ether
0xc8f80f61caf77174bfb7946ca2c6980bb34d7c6f6eb880d8fb7012cf96e41d7f,97597,secs ago,131912,14.0008 Gwei,0x73952f60df25c4389e6afcfa4ebbdfa093e54b73,0xfb80bfa19cae9e00f28b0f7e1023109deeb10483,0 Ether
0xb21cadeeed64f248504b7bdd37e16c46878f4afdee18987278b4f496b8ba0cf0,2113,secs ago,21000,52 Gwei,0x05c89f821ac2d48a1fc98a64211bacb0558cd320,0x16ed8ef903a4edde96f895927c1851d9c955f34b,17.58683538 Ether
0x900cc14eced60dd9ef4562d7e7d3ad2c8f68d76164ff1d6ab92cd963d74fccd7,464308,secs ago,100000,20 Gwei,0xf73c3c65bde10bf26c2e1763104e609a41702efe,0xe99a894a69d7c2e3c92e61b64c505a6a57d2bc07,0 Ether
0x682240e089b435be94e2e412ea9c1cd9e9f65cc30015224c452b9428104efff8,9690,secs ago,200200,2 Gwei,0x0032ad8fae086f87ff54699954650354bb51e050,0x7b01f2e680eeb3c7aac02eb3e47bb5ea9a555e12,0 Ether
0xb27b368ab9a61872142b84bec4a2b2d0304b901e990f166eb7094888753bd4ee,11,secs ago,3000000,2 Gwei,0x6a123022b30227c567a627a20e29a685cbc776c4,0x5789947ce2212006421defca1a60babc39e3fe1f,0 Ether
0xf2a4e45c677299e3aa697e66455ae91b67e27aae68fe359b24da79395399d630,0,secs ago,258389,9 Gwei,0xcfd5fa1477577d67100d9c5e3938a103d3e4ad64,0xbcf935d206ca32929e1b887a07ed240f0d8ccd22,0.03 Ether
0xf2d29a1d3d4d7de03b417bdc5e48b548a0b1d8019e43cf7a4aaf770b0cb3ae65,4774534,secs ago,400000,9 Gwei,0xa7a7899d944fe658c4b0a1803bab2f490bd3849e,0x2a0c0dbecc7e4d658f48e01e3fa353f44050c208,0 Ether
0xd1f8a26c901037a3c1cab853adc9c6947e5d50bcd3c34a85083ae689a0b6d095,102682,secs ago,500000,5 Gwei,0xf3e36ad56aa85abdacc18c02d19509ae4f7d5899,0xdac17f958d2ee523a2206206994597c13d831ec7,0 Ether
0x05ecf755650650dcc6d682f9bc0682e55f6d387fbb3817cd57f458ccf2a067af,5164,secs ago,4300000,10 Gwei,0x740b2c05f31d5896af10c875f39256555bcc6ffe,0xbbe5c81412bad19877300d63cc8d8264a154091e,0 Ether
0x639b7d571a92a37d24e6dabda9f801a3ba51c87024143e50c37735cb220f50d6,12629,3 secs ago,168930,5 Gwei,0x1e8afd7e4fe1ed2c190ae3817eba9f942d1b1a03,0xfaafdc07907ff5120a76b34b731b278c38d6043c,0 Ether
0x59242b59ecc02208b9a012c6d3b4e453f80934c71450515e97e7a0c74361d10e,63,3 secs ago,76988,20 Gwei,0xf162d90d36b784e905e8588ed6568e454990698d,0xe41d2489571d322189246dafa5ebde1f4699f498,0 Ether
0x7e1e4dc7fa706fa0ad2c33408f057132a57bef288c50de76a7eb23e4211dd3c3,15,3 secs ago,125169,3 Gwei,0x8c885590c4930c0ae55e6cb0b4bb6e57939329b4,0x2a1530c4c41db0b0b2bb646cb5eb1a67b7158667,0 Ether
0xa730d10ddbf578bc9af4a3f8c007a3e7eea06ef9c5e41d0877fac84520db2cce,8,3 secs ago,60000,2.000000128 Gwei,0x080b0496470238f34ecb6e356fe207e05df57848,0x0bcc5683d7704b9c50aad6759c55f9aecbfe8878,0 Ether
0xf6bb366e4d4bb6469dab2c2aa1a9b1a419932156fbd4b1d1a8af7b22e100db63,0,3 secs ago,100000,6 Gwei,0xcedf96f570decfd32b249e07de2dad855f8c13f5,0xed6b0dc3aa8de5908ab857a70cb2ff657d9b6c5d,0.1 Ether
0x0d03ec84e9b386ff0688f9b27cc839caee229bc55e426154c842763d2f3ba04b,8,3 secs ago,56197,3 Gwei,0xdac4c702c0bcc79ea1f77fe9f512b309b3527316,0xdac17f958d2ee523a2206206994597c13d831ec7,0 Ether
0xcfb64686cf6ccd1e67a7859780c60b157f2ea44f56909ed4dd72ab2b0c53e7cd,523,3 secs ago,2500000,2.2 Gwei,0xbc66b80117ef94073280777d184463645469821f,0xd39f16bd03a506410d66bbbf6dccbb08f445197e,0.0003 Ether
0x2fb4cef996649e05a5964c322f54e5142055f1a5b9e6c8bbca53c3d53af144ba,200951,3 secs ago,479992,2 Gwei,0x7dbc5395d1cb5f829bc8eca20f16bed7bceca504,0x8a91c9a16cd62693649d80afa85a09dbbdcb8508,0 Ether
0x8bfbbd97752d4e4b786c3fcb1f83d47ac9898fad0becba58cdf552ba5c6f9b9d,2626,3 secs ago,2500000,11 Gwei,0xb35ada58f44ea477de41f3394cdcbf43857467f1,0xdf0852e681f16ce1a03e9cae5b2c7f26f719d971,0 Ether
0xdb52fbd36c3042354b9462cd5bfeda3d439c799d5228b6ab7d84234120fc634d,61,3 secs ago,21000,2.5 Gwei,0x154c1e36280b4ca01d6a197b332cf4860864bd2e,0xbdf4a1e02fa5b31891f6da7e03ba4bdbdad1495f,2 Ether
0x782a349f0540a6188ec40321a6daee282bd26d92f144233daea7d797dead8613,4774531,3 secs ago,400000,9 Gwei,0xa7a7899d944fe658c4b0a1803bab2f490bd3849e,0x2a0c0dbecc7e4d658f48e01e3fa353f44050c208,0 Ether
0x38603d690c4daa35443dea3b94b108274c518b871e9df4cc8cac652e5cbbb635,79239,3 secs ago,1154839,3.850000013 Gwei,0xf809e07870dca762b9536d61a4fbef1a17178092,0x2a842bc64343fad4ec4a8424ba7ff3c0a70b6e55,0 Ether
0x9ebf6cb487df624aa4583b2b698673a3d7a700732486c082952b7dfc3a5b4d84,4774532,3 secs ago,400000,9 Gwei,0xa7a7899d944fe658c4b0a1803bab2f490bd3849e,0x2a0c0dbecc7e4d658f48e01e3fa353f44050c208,0 Ether
0x74627ab9ba0b0de32ab18b258d7ca8d0559c0f62be5bcb905cd13e21cce94046,200952,3 secs ago,195105,2 Gwei,0x7dbc5395d1cb5f829bc8eca20f16bed7bceca504,0x8a91c9a16cd62693649d80afa85a09dbbdcb8508,0 Ether
0xd3064e198ae84faa63caac33fd0f25b4dd9a449de44c141f52a91cd94ae5cc22,4774533,3 secs ago,400000,9 Gwei,0xa7a7899d944fe658c4b0a1803bab2f490bd3849e,0x2a0c0dbecc7e4d658f48e01e3fa353f44050c208,0 Ether
0x1944b53d4ea0357d4d59d1e37fa98ee809a7051e5a3f8b4ee520c21bac906ec7,0,3 secs ago,238889,15 Gwei,0x9cf33a943c96d00d70f5a2761a8a8f68f5d7fc2c,0xbcf935d206ca32929e1b887a07ed240f0d8ccd22,0.03 Ether
0x249a7fa31021ede32cb8ba1dc961eed9ccb6bb6d53b6d594aee624965b57a3c4,4,3 secs ago,30940,7 Gwei,0x10219d97411de013ef5b7d6e3414507617a34a78,0xbc23ee9ba41bdd6ccd3efa6df95a636cd5a8ca7c,0.50021658 Ether
0x93a45943c479e627343bc1223234d039b95724a6eb976d9203b947b7ff10183f,108303,3 secs ago,1600000,10 Gwei,0xcfcf469b76113c5e7218f8275eaf10a881ac106d,0x978d4b068f22090abaec019462756a0a7ada58a3,0.01385886 Ether
0xcdef87ae7e53556224d4465c3f853210dcdbc351295499f7a0833de63d94f40b,200953,3 secs ago,223842,2 Gwei,0x7dbc5395d1cb5f829bc8eca20f16bed7bceca504,0x8a91c9a16cd62693649d80afa85a09dbbdcb8508,0 Ether
0x9e05c74b8a4040587898fd366d99c6c25103d690977e3e3603dd626f0a757c25,421257,3 secs ago,140000,35 Gwei,0xadb2b42f6bd96f5c65920b9ac88619dce4166f94,0xdac17f958d2ee523a2206206994597c13d831ec7,0 Ether
0x751af6d2a04516e0135c8a951b627dad50079b3721fe0d709fd2f1cde5dc95a6,12931,5 secs ago,70000,2 Gwei,0x91fd1edd2db21233973e342f55e7e2efce28e77a,0x4cac2515716ab2531402ca8f992e235189f29c5a,0 Ether
0x6a367dc8f98c213b251f17750399dc8ce8731b59f8967b65d6e4419db2630766,697,6 secs ago,62672,20 Gwei,0x002bc99384b7978fd3889c8d4264cf7277752215,0x0b95993a39a363d99280ac950f5e4536ab5c5566,0.006 Ether
0x6001e2e127ca02b16ad4bac203a85a418b467e2e5588cb6ab4392cc58fc5f5a9,118,6 secs ago,21000,5 Gwei,0x08402b8f0ab28e3b8829b87b628e47342da3d926,0x4de8250503525b6030ba7c995ca8fbd4bc3417c0,0.13276632 Ether
0x3c9049d1ba5212e7c45f7bd5f7f5e218adcd514371ae8eb2d596725a28d6c7bf,8569,6 secs ago,360037,3 Gwei,0x8445165437cb63affb2f143378d0ec63e0249582,0xe479dfd9664c693b2e2992300930b00bfde08233,0 Ether
0x06e34bab63101a17230264a62752a92873a77f5d824d70ef6b9464c9f585eda4,4774529,6 secs ago,400000,9 Gwei,0xa7a7899d944fe658c4b0a1803bab2f490bd3849e,0x2a0c0dbecc7e4d658f48e01e3fa353f44050c208,0 Ether
0xe345fa449bf77bc0368033effdcb6d08fbd59c8f26af8cbd572b438854aee2c1,238705,6 secs ago,120000,8 Gwei,0x010f4f5d2cedf16ed992ad5ed8e68a77cda16759,0x912656188616e0184e3181f019022990a63280b1,0 Ether
0xcc03a0764e5d9d3725335afb953af9a8fa0c6ed4bc8ec9d22f0a312a2fe94f8b,426,6 secs ago,141926,5 Gwei,0x913e1ff4f21064d9aaf59271032c55101a001b65,0xe72752f55e69052ef40d989a843b9fa59e88b26b,0 Ether
0xc853a402799139cfcd5b2ee2aa5527298e584d32cad23030740051981a5b6338,3012,6 secs ago,119000,30 Gwei,0x0c6c34cdd915845376fb5407e0895196c9dd4eec,0xdd974d5c2e2928dea5f71b9825b8b646686bd200,0 Ether
0xda01be136198c5825c0934fcfb0ab367474b37235f21b6e1ecdd1d850d831fd5,55496,6 secs ago,103854,36 Gwei,0x2faf487a4414fe77e2327f0bf4ae2a264a776ad2,0x4fabb145d64652a948d72533023f6e7a623c7c53,0 Ether
0xdf8c5bb830aa5ad1ca02285461aa610987f2ffd6eb5ba105d92de431d89c5826,4774530,6 secs ago,400000,9 Gwei,0xa7a7899d944fe658c4b0a1803bab2f490bd3849e,0x2a0c0dbecc7e4d658f48e01e3fa353f44050c208,0 Ether
0x4a5aff57394d49dbe610afbda25eefbbb44f80fae05db43a4c985e1333fd17ce,238706,6 secs ago,120000,8 Gwei,0x010f4f5d2cedf16ed992ad5ed8e68a77cda16759,0x912656188616e0184e3181f019022990a63280b1,0 Ether
0xeac76c64c145ad9fe16c50ae9afcd58349bcaedb40b32ce0bc8ca09ca91c6c01,421,6 secs ago,1806535,1.1 Gwei,0xb6c9e6a2415ab8d26335498beac8eebed4bb2259,0xc011a72400e58ecd99ee497cf89e3775d4bd732f,0 Ether
0x166d302e73bbbc1851a017b6321c54f9848377397b24b88fa34c8abf49cb56ac,127,6 secs ago,186329,3 Gwei,0xbd628f60459b8254b7e58b9bf65425e0b87ff21c,0x080bf510fcbf18b91105470639e9561022937712,0 Ether
0x6a5f714c549532bbdf17cc8749242371d8316b1485d75d8ec584c7fe90bedbcf,238707,6 secs ago,120000,8 Gwei,0x010f4f5d2cedf16ed992ad5ed8e68a77cda16759,0x912656188616e0184e3181f019022990a63280b1,0 Ether
0x2f53dda20183412d8d52ade313a23f881bf30b867328db822496fa6c93eb47ec,3590,6 secs ago,90000,4 Gwei,0xfb90501083a3b6af766c8da35d3dde01eb0d2a68,0xdac17f958d2ee523a2206206994597c13d831ec7,0 Ether
0xc8d2062aa704bf798e7abe65588d13482d3959974c495e21b251ac2dfdd66ddd,23,6 secs ago,72091,7 Gwei,0x703db4c104d69ba9309cfd6b711fe3ef9eb3605a,0x0f5d2fb29fb7d3cfee444a200298f468908cc942,0 Ether
0xb3904ba0c3730bbce8540d238dc4d9532813beb0eee07346d673e53f7145bcb6,99,6 secs ago,60000,6 Gwei,0x1bca1090d705472c38d1eb9a53e036451fd4674a,0x89b07a77ef8382710b8a067699f51172faeee136,0 Ether
0x161d2578bb6bff0ffefadc517ae60201b1357bfebe7bf4da55e84fefda2c881d,25,6 secs ago,21000,41 Gwei,0xf38a15e8927d193ecbeddc25cbf89a6e0766ea9b,0xa2c532a5ca585ab5d81b6c5c6e00a4ce65edcdbc,73.62653123 Ether
0x17fa8d900788efd02293802a0068866f35af1a9a3244df59f01d48716671a748,4774527,8 secs ago,400000,9 Gwei,0xa7a7899d944fe658c4b0a1803bab2f490bd3849e,0x2a0c0dbecc7e4d658f48e01e3fa353f44050c208,0 Ether
0x2eb8202654ae02106ad17a7e5374c2e6f442bffc0cb4c120faad7a801fc1a16e,43,8 secs ago,21000,2 Gwei,0x4db90ad71c0a91ff05102303f96b1c950583ee23,0x396425cd0fce44a7a7c51b7dbcf6f591d37f43e1,0.1 Ether
0x17a1d0078381032c03c154a585f6a32021d9f26f8d3f5b3d064ec3e184f734d4,647623,8 secs ago,90000,15 Gwei,0x9862d074e33003726fa05c74f0142995f33a3250,0x1257d7a5cb0d29ddf5e709f5aa4a599730167b86,0 Ether
0xaa5ca2effa7e1559154f2a46085ade26937ba9997e7b4e0cdc143833e762c4eb,4774528,8 secs ago,400000,9 Gwei,0xa7a7899d944fe658c4b0a1803bab2f490bd3849e,0x2a0c0dbecc7e4d658f48e01e3fa353f44050c208,0 Ether
0x60fdcc95fca253bf1712fa8ae60cde530647d0b3b14cadd1f95099736813246b,19,8 secs ago,85482,20 Gwei,0x00db8e6e332b14965ae29c275d23409f206fb66b,0x0000000000085d4780b73119b644ae5ecd22b376,0 Ether
0x7bf7477a658326a49367ae9dc7c14e8828c8bbc0b6300d7003b52bfd06b0e56c,1004,8 secs ago,21000,3 Gwei,0x8c6b6f33bf1881661914bf7297587c0fd32aaa58,0xb3af838454b3f6b7ba6ea651ca1624cc2b721181,0.02637169 Ether
0x4a284629e2e4fcbbc72b73f5a2179f075733b199f321f5ab720f7b4a2d09c509,259,8 secs ago,21000,7 Gwei,0x992359519486a66a9a7e04016e86387f2d1a85e4,0xe155832535b7b05a991b5f4f522b10c476bdb3e4,0.00039 Ether
0x7cb1990287754f5adc37ba12f864591a219f10799b26518e5ec2c1c6503e78d5,102611,8 secs ago,1500000,9 Gwei,0xd8aa8f3be2fb0c790d3579dcf68a04701c1e33db,0xecfa53a8bda4f0c4dd39c55cc8def3757acfdd07,0 Ether
0xbb8e1c0c591c370c03b5fe12d82d5a2038519126581396eefa1ac378bc5ba94e,12,8 secs ago,85482,20 Gwei,0xb779670d6fac2e09e69a776eca0b59bf2ae6a09e,0x0000000000085d4780b73119b644ae5ecd22b376,0 Ether
0xbafeb8cb12a0010a17a100670bdb20da6dcf89b4e299ada68e4aa3bf5612216f,0,8 secs ago,187976,2 Gwei,0x88ec927621bfb5ddc142f1d8b1e31c3b3dd14ce2,0x155697df0d39e18f719fa58e25a53a65ccb4864e,0 Ether
0x103c8adcb2c9802dfde3b1dd530eee91cc1dde934383cb6ae58641583499d1ee,86913,8 secs ago,90000,3 Gwei,0xf00e16cc74a6f7daf990fb63999768e279509b7b,0xc8422a8a386eb49ecbf060198938df163c188406,0 Ether
0x7c8c5277571cc0d4f47fd0fd67c03a75ef997e3e2d33030e954fcfd87199f23e,589669,8 secs ago,90000,7 Gwei,0xd24400ae8bfebb18ca49be86258a3c749cf46853,0x9679601a09247e2eec3500f4bb6560049e457e46,"4,161 Ether"
0x53109563c9391a6aa2c18a4eb11a81b410e2d39789f694827f7e021f985d98ec,1,8 secs ago,21000,2 Gwei,0xc8335ac7125257c5d0babd535b784e45b0c6121e,0xcce8d59affdd93be338fc77fa0a298c2cb65da59,0.07012695 Ether
0x3f86a570f34350bcae99370ed11a0236ffdcd3aac6cb0f065fe0f03236c90a6c,2915,8 secs ago,500000,6.000000001 Gwei,0x3d71ae27994d3045f4e57c762ccbf6bae5126d59,0x38b78904a6b44f63eb81d98937fc6614870cfbb9,0 Ether
0xc5cb8697a9484ed09dbe145ac01f9bb6df3ed70b5cd22984e5aaf33b32180670,28411,8 secs ago,65500,4 Gwei,0xb02f1329d6a6acef07a763258f8509c2847a0a3e,0xdac17f958d2ee523a2206206994597c13d831ec7,0 Ether
0xdceeaf99fe07cc7f127d402a57bf8116c15c672f895e0c65d0a57bc4165bfab2,1795353,8 secs ago,105720,11.5 Gwei,0x2b5634c42055806a59e9107ed44d43c426e58258,0x419c4db4b9e25d6db2ad9691ccb832c8d9fda05e,0 Ether
0x871b102990ba50d64a0f860f4915ab4687d5bc9787a6332e5b653a9c00141013,17,8 secs ago,21000,2 Gwei,0x77e2daf73c9a226e32d328bc18fa59c89c72a0e6,0x79856204642a5ab03c610a1ce0f2746fc7344ade,0.00065003 Ether
0x5620b40a89d0d87a8fd7fd674f68c897c40668a8f2ad07a5cd3e771dbe1f2228,28,8 secs ago,84072,6 Gwei,0x642386401d9f82279579a239cdab86d5fe597d53,0x34848f3c3934733d3ebc6f82489346592566c777,0 Ether
0x9205f55aa2943f94adb5c06ae89a59f2112b41fb2f7d4fd4ae38fe4172fa0db9,56,8 secs ago,21000,2.4 Gwei,0x2b1d77546e89df22b0854118947fd790317f85a8,0xd7b9a9b2f665849c4071ad5af77d8c76aa30fb32,0.21690567 Ether
0xecbac92b63b4cace2fbe8df7c5693e4979f2025793f4ec71cd4fcf51e17ff068,16,8 secs ago,86528,20 Gwei,0xab77fab6890c4ee5c1d88539188f680a6f0e3ad4,0xa0b86991c6218b36c1d19d4a2e9eb0ce3606eb48,0 Ether
0x216d31ffa88af83920e0c4ec39b79da02640079cc53f90c657aa542ff02a8657,8738861,8 secs ago,150000,22 Gwei,0xfbb1b73c4f0bda4f67dca266ce6ef42f520fbb98,0x0e8d6b471e332f140e7d9dbb99e5e3822f728da6,0 Ether
0x24eb9376a384fca4233d86313fe96a6f160b5d2e2d48fc53ab83284893038600,682,8 secs ago,60000,4 Gwei,0x6e18069a4d08a85d6799845f68bbb59704bce95b,0xdac17f958d2ee523a2206206994597c13d831ec7,0 Ether
0x39afbfa3593ff4daacbd3501f677699d883ddda5d6878717daf06e47fe7908ef,1520,11 secs ago,21000,6 Gwei,0xbdfabdd8526bae28c215c721778cd8087e794328,0xc5f615d75b6226aa975405e768ed4c86777d8f06,0.0003 Ether
0xe2aea01c3234f9c08516cbb79202245b9aa3b8bb39c79aabaa5a9375b5f992c6,421256,11 secs ago,140000,35 Gwei,0xadb2b42f6bd96f5c65920b9ac88619dce4166f94,0xdac17f958d2ee523a2206206994597c13d831ec7,0 Ether
0xed928c087b4a871f442d301902cd623f2c5920fd7053602c0b75bbc4efbf2736,538158,11 secs ago,140000,35 Gwei,0xab5c66752a9e8167967685f1450532fb96d5d24f,0xdac17f958d2ee523a2206206994597c13d831ec7,0 Ether
0xd8b1e7555fdbf63e48a6e07b4ddc72bd549a5f40802b291f06d36041f6ee2dcb,54848,11 secs ago,150000,4 Gwei,0x9bc2f223026c252c8ef5f7f33f00f4bee21434b8,0x514910771af9ca656af840dff83e8264ecf986ca,0 Ether
0xddbe7e0d816146c452ccc48cc19e0732c9fb90d1aed618229e02eb5fcdae8d1c,414579,11 secs ago,140000,35 Gwei,0xe93381fb4c4f14bda253907b18fad305d799241a,0xdac17f958d2ee523a2206206994597c13d831ec7,0 Ether
0x74af3dbc81f3fd1de11739f7852a7fec2fc9cd8cf514908263eeeafe0cf40a84,933,11 secs ago,115108,2.2 Gwei,0x11b6a5fe2906f3354145613db0d99ceb51f604c9,0x49c4f9bc14884f6210f28342ced592a633801a8b,0 Ether
0x79afdb5b960f40c3ed606d3ea3b854fa8d1f4a499708fecf97aeb2130bd19e09,123366,11 secs ago,21000,50 Gwei,0x4fed1fc4144c223ae3c1553be203cdfcbd38c581,0xc3514c28ee3443a034d0565c83d64cf8975d9504,0.00972158 Ether
0x2751e2b35af072456aeee970d8b6a0fbb449300c4d0382d1e6878c19da77e537,2986,11 secs ago,60000,8 Gwei,0x5fbc79867facebd643d3b679d03da39968f441da,0xdac17f958d2ee523a2206206994597c13d831ec7,0 Ether
0xab17b71c20fa99f4d7ff3f7bd99f1b856a51edb0bbd5f2b564058f280e96bdb4,105,11 secs ago,250000,4 Gwei,0x1a8ccb92bf120a989428cd3e84bb047fbd1618f7,0x8d12a197cb00d4747a1fe03395095ce2a5cc6819,0 Ether
0x6f5c4bc81b49962f0f0782c8d20c13a8e4c4238710c09128bfc683c440fdaaef,79237,11 secs ago,1143913,5.650282517 Gwei,0xf809e07870dca762b9536d61a4fbef1a17178092,0x2a842bc64343fad4ec4a8424ba7ff3c0a70b6e55,0 Ether
0x799296bf01637fdc709e179a525120cc4b19b4c80527a8db9f2135c8e361617c,196,11 secs ago,21000,10 Gwei,0xe7033342406b3f22fc3922f007f3fd3baa7bbd5c,0xcb8c6827ccc57fe35f418f6ede4ee46b2b4d0d01,0.00046 Ether
0xde9d889beabc86ae96c66e5f509f4142fc8c5f1673f559204eba7cf20e48b04e,11,11 secs ago,21000,2.1 Gwei,0xcd3df1f4076502800508ba656da169cbf686fcec,0x84dc785bfbc5429e5d3b11f410b5d34da591ce26,0.00633597 Ether
0x5510eb4aab2db496ebd52dc8064675ed3aeb6bf022bd6292e070b48c31ff6146,6,11 secs ago,60000,6 Gwei,0x61ec6b10b5b71ce07ec11458400b00b1e3b40c4b,0x252b6eb3b25b33098ee2fd3540858a934730794c,0 Ether
0xe6f903e2725ea501eb5a753a0874c697b815d3264caa6bd043620d295056d772,5,14 secs ago,21000,2 Gwei,0x9716eb0e92499c1b448f415eacc561ed22c0ec0d,0xab5d88d62f2a8db5d9c68fb832fecb01d31a628b,0.0299533 Ether
0xd9ab26286203044a596b727e064bdbf98c5e4e90835a52b5e89303bce44f8af9,4,14 secs ago,1000000,1 Gwei,0x2373a55ef43c70f5e13d572be8a61c51d624a9a7,0xa22c1b5320108c19db53f58241fd64b105562296,0.32 Ether
0x7e6a4960d82460836449ce6fd44de91a28f89a90dee6fcbd204373fdafef1568,10829,14 secs ago,70000,2 Gwei,0x148c1155c3beae527908f626c9c3e5076bcf3760,0x4cac2515716ab2531402ca8f992e235189f29c5a,0 Ether
0xc19465303d39c4b5cf43c06beca214a1bb2c55506ffe24a866aae05ca8dc2dc3,4774526,14 secs ago,400000,9 Gwei,0xa7a7899d944fe658c4b0a1803bab2f490bd3849e,0x2a0c0dbecc7e4d658f48e01e3fa353f44050c208,0 Ether
0x4f5784da953d7a82b6852549b6160cf66c39b92c286aa9b2e6a4e3ca97374914,4,16 secs ago,21000,10 Gwei,0x763fd96e652a895b7bf6dabccaeac3f44fa9bd40,0x70edd5f01b14bf05648bac8882000decf7c675ab,0.003645 Ether
0x9325ca5435c9f769ea5dd9a5ca33e0676bef52f10c8b9ea59afd38158095eeaf,6,16 secs ago,21000,5 Gwei,0x7afbc631114f7eabc1b5893e9f744d3f39d112f8,0xc0f4add4fa30a0b7be45e5fca79147c2661ff6b4,0.03955317 Ether
0x1d91b98bff0af43b6de18ea8ef31f67c1c821db3b1a6cfee2e7e032514868810,1,16 secs ago,21000,6 Gwei,0x81c2a784a38b06dad41c9d20c330c345219bd1e8,0x9530287288d2c73dcf724d17c59530c7f0d07c30,5.12213307 Ether
0x98eadf66ab7fb1fd48aa9dde82ad4df6a45670499f146b0753618bf04782c746,258,16 secs ago,3000000,8 Gwei,0xee5c7097a46c96f906b98e758763ce85d78713a8,0x2e08913c55fec93f852efce93a174d594c838d7f,0 Ether
0x10002d1e5fe525cefb273e01dbd903cfffdd2ce35fbf6b6f86c589a4c781be18,4643,16 secs ago,39280,1.041056633 Gwei,0xe61ecc646799bb74405e676656c0f6300d0ab999,0x5e07b6f1b98a11f7e04e7ffa8707b63f1c177753,0 Ether
0x37d4ce7a988df310b4865488c828318c52acda67d6cc93b1ad67ffa5da5033ae,467,16 secs ago,134136,3.499999999 Gwei,0xf78d12e7bae520aa1e24e4cebdf596835c31549e,0x685a0ff0983f7d3e28aa4a474fac28cf16d6d4e5,0 Ether
0xe98f7f0af931b81ac1f81ca6251a60ee11dddd96adc23fa7d71ab064e178bc9b,55495,16 secs ago,119128,36 Gwei,0x2faf487a4414fe77e2327f0bf4ae2a264a776ad2,0xead7f3ae4e0bb0d8785852cc37cc9d0b5e75c06a,0 Ether
0x1f73477ec35d2e2effeb890a10ec0f2527b435071acbfcb1149ef38b49789d92,30,16 secs ago,46678,6 Gwei,0xf0d193d8524ec55fe2f5159aad2ba1a264993605,0x06012c8cf97bead5deae237070f9587f8e7a266d,0 Ether
0x63dc4bced2d0d2336f03fad2af3128941a934ff7bef7b5b8b0dfa3324121297e,0,16 secs ago,21000,3 Gwei,0x625be96d493047063d39bdee576471065cac7379,0xe2b0365b1c73cb23c3980b264388c5ead67c16c0,0.9999655 Ether
0x220bd93caffe669de4acbcc0e52d26d859def418b04ab679d80c8800b711e251,267,16 secs ago,224512,2 Gwei,0x67cff0c81516659627079fa07d61c066c5ae2f60,0x0c073c92e7684031cfc297b83ecc33619e864d18,0.01 Ether
0x18ade6c36ac558cd018ecd3498cb6a070a8c18d48b425d9bfdd61cda99f97cca,3,16 secs ago,67185,2 Gwei,0xaa822c83735b1414c82f315e5fcc608702e87f0a,0x0bcc5683d7704b9c50aad6759c55f9aecbfe8878,0 Ether
0x4b2445d6de48a2f2cc315159d9174b8276a07abee224b785a19ce2399dc56c0c,18782,18 secs ago,80000,8 Gwei,0x04f08133ef1cc0db149888e8429c71265aa70780,0xdac17f958d2ee523a2206206994597c13d831ec7,0 Ether
0xe8b8e5c22917c271159b289983bb560515cdc2c02578c2a844faff5deef981e1,45310,18 secs ago,44476,3 Gwei,0xd4663aaab582a194a253267227b5c511c5193383,0xf8a4d3a0b5859a24cd1320ba014ab17f623612e2,0 Ether
0x8cced34998f691be5de8f0c079e0fbeea7b6f7377e81f21c297c2f0ad0d4dd2b,61,18 secs ago,30000,8 Gwei,0x080adc9feff80faed41e1642faf06895978a179a,0x003efe05c002f08195bec0c48de6d3ac25ec5d4c,4.59676 Ether
0x2d8d1d50adba71bbf816f875ede768c8a8011b83d4c9185f4d8e4535038df65f,23,18 secs ago,21000,2 Gwei,0xdddb1b0ad7eb1e92d3f4fd1519633ae202f750db,0x78661a4ddec16008dd7a840d03efd3b558390be2,0.00296229 Ether
0xbdcb712915b879a76cdb44756435a47f0da63a78b96df53a383147612153ae95,281472,18 secs ago,239900,18.8 Gwei,0x2cedf8de3933d71c77bf3c08b8d1af32545d9b0d,0x794e6e91555438afc3ccf1c5076a74f42133d08d,0 Ether
0x229e317629a5afcde2c3462ee88aa40531f81382fc9dabeef34dc9b99a5ed176,68,18 secs ago,350047,7 Gwei,0xa1476825c33354d7bf2bf98d888f00c0e43ac29a,0xe295485ef6f9ec9cb0b27c32f7e74813beda2645,0 Ether
0xe20ff543b4ff783ecc0bc70d447d192e16ac3e1b69bf56b0911f947f9c4c62e0,63195,18 secs ago,21000,20 Gwei,0x645d1dea6cd0470678d39c5b7799e6e19c3bb95f,0xc21a0a9b66a8b7bf1aa4cc3126d26f9d7a53715a,0.091727 Ether
0xf4248dac1fc03ac1e7128a004f23d185ab9f4af350d7553726c15a61bffbdb7e,4774521,18 secs ago,400000,9 Gwei,0xa7a7899d944fe658c4b0a1803bab2f490bd3849e,0x2a0c0dbecc7e4d658f48e01e3fa353f44050c208,0 Ether
0xdd3394a30e9525de2da9099e47cba9b90432baf291e053959548d81f7c9b7eeb,31,18 secs ago,43519,3 Gwei,0xdefe191f72afb17ecb8c628656df2d2382c0dbeb,0xdd974d5c2e2928dea5f71b9825b8b646686bd200,0 Ether
0x517394f86f13f986c0c9539e85e271e42d26119f9e59e1fa87e3b8b680e475a3,4774522,18 secs ago,400000,9 Gwei,0xa7a7899d944fe658c4b0a1803bab2f490bd3849e,0x2a0c0dbecc7e4d658f48e01e3fa353f44050c208,0 Ether
0x610cb5dda33cf46745bfea04b5cbc2e749aec6562ca6fc3aa8529db9d4b43cc5,4774523,18 secs ago,400000,9 Gwei,0xa7a7899d944fe658c4b0a1803bab2f490bd3849e,0x2a0c0dbecc7e4d658f48e01e3fa353f44050c208,0 Ether
0x8ceac51ee4b53702f8775da55c67f3af33ebe793515f31bbf8b2c83b3b80e9a8,4774524,18 secs ago,400000,9 Gwei,0xa7a7899d944fe658c4b0a1803bab2f490bd3849e,0x2a0c0dbecc7e4d658f48e01e3fa353f44050c208,0 Ether
0x70abbcab7d6a1812342628f695cf4dc1d2621216645edb6625d17e060f2a94a2,4774525,18 secs ago,400000,9 Gwei,0xa7a7899d944fe658c4b0a1803bab2f490bd3849e,0x2a0c0dbecc7e4d658f48e01e3fa353f44050c208,0 Ether
0xfe39442f2e160d93bc24d594681a2e9c7185987d1d4898c25ff94d506be6e416,0,18 secs ago,44209,6 Gwei,0x3ebd079bcc65af5c353243527cbca39c506f081a,0xdac17f958d2ee523a2206206994597c13d831ec7,0 Ether
0x0780dc65e87be8efb177420a8f755f93f63e91112e9134f54da075e8b0ef9274,13,18 secs ago,370636,2 Gwei,0xc30eccd2fd9acbcee5b7f1bb684fbb5a5c641df4,0x1e0447b19bb6ecfdae1e4ae1694b0c3659614e4e,0 Ether
0xe8b59c8386500cf38d720a862dc3593772f7213397f5d722bf4dfeae6335b8be,961,18 secs ago,21000,2 Gwei,0x6693c7485e3ab01deec35ac80137eb2a3ff3fdf5,0x01b7967ee15133723cfdda7270dea6dba0b732e8,0.00016 Ether
0x73db0f33020fbaa776a7a1a03c727332a13f379340799451948627c82c6da9a8,245862,18 secs ago,247643,17.7 Gwei,0x1f487a4435f3b730d742aa4b6ef8c9e0a6b9a027,0x794e6e91555438afc3ccf1c5076a74f42133d08d,0 Ether
0xeac407bec48a3d20da73e9a5701fcfd660e6562049ed65526d26f890419b269a,199492,18 secs ago,1600000,5 Gwei,0x0031e147a79c45f24319dc02ca860cb6142fcba1,0xfe34873bfa03af41551fb144a03ba5927551ef3e,0 Ether
0x547302638bd66b10c3c393de4a348534097d45837fa0c660c1e1c53663ef2e77,3,18 secs ago,60000,6 Gwei,0x085c56e056122b49b0c17d8ac047f932e0aa5985,0x6cd7fcb7a32d0be366cbd6334084f06219aafb70,0 Ether
0xf02871dab264fd279b85c8d7783c84535e06485b13e8efa4aef9afaed3362ca5,245861,21 secs ago,338649,17.7 Gwei,0x1f487a4435f3b730d742aa4b6ef8c9e0a6b9a027,0x794e6e91555438afc3ccf1c5076a74f42133d08d,0 Ether
0x62e506ba55e521afea524e271a0b6156c1e7915a53ccae23da571c8e2711eb54,155,21 secs ago,60000,5 Gwei,0x6164b68c242ab7cb5e63d9f48f15dc0be29af34d,0x8a6ed334b561842b7bf3f8130be02afaf69832af,0 Ether
0xfa59f70a241d95be2975b1a8c3656ce3ddae21e1156b25ddf682471173c87029,56515,21 secs ago,420000,35 Gwei,0xa7efae728d2936e78bda97dc267687568dd593f3,0xe5782724e87bcd5a1f48737ff6cfeaf875ab5873,999.12 Ether
0xd806ba313bea03f99d59faffe540a5d967b0b4b12aa52ecbf39e151c4dea56d4,1261,21 secs ago,100000,3.5 Gwei,0x7182b123ad5f6619b66533a85b6f180462aed05e,0xdac17f958d2ee523a2206206994597c13d831ec7,0 Ether
0x446a5678bb4eaa78cc497fd90537add650bfe3f58ff4e641aeb4e581f05e9fd6,200949,21 secs ago,489948,2 Gwei,0x7dbc5395d1cb5f829bc8eca20f16bed7bceca504,0x8a91c9a16cd62693649d80afa85a09dbbdcb8508,0 Ether
0x20c67cf1eedea1ae6b5c19010fe4a66a25c47cd099d8daee357a670737de120f,6,21 secs ago,21000,4 Gwei,0xcfcf6e1baf8934f6b5e63dd66e71a996a145938f,0xe12748fde8211556b73d5f32d7eda882c82bc55c,0.6184 Ether
0x878ebb64ef51be8b4e9b6b873f01a2cf855e7cfcfd171006ab33967d881e4eca,1518,21 secs ago,100000,3 Gwei,0x1b637124b70132cc728fa308228eb4917f8efcfd,0xdac17f958d2ee523a2206206994597c13d831ec7,0 Ether
0x55a58adf50b19500a63886aa9abbdeef01b830f23bb1b558b88e5e80e880621f,12930,21 secs ago,70000,2 Gwei,0x91fd1edd2db21233973e342f55e7e2efce28e77a,0x4cac2515716ab2531402ca8f992e235189f29c5a,0 Ether
0x85bf8b8856910c5fab93c1c042cce5ec770179386e21ebc6bd839d63c8b35d91,1,21 secs ago,43429,3 Gwei,0xa6ca5b7c91b1f0999e481ae50830425146566e74,0x0f5d2fb29fb7d3cfee444a200298f468908cc942,0 Ether
0x103bd9448330f59216da519118350524877b09ddfd43dbcf24cb96345370e6ee,4774520,21 secs ago,400000,9 Gwei,0xa7a7899d944fe658c4b0a1803bab2f490bd3849e,0x2a0c0dbecc7e4d658f48e01e3fa353f44050c208,0 Ether
0xab188ea6bae4f5f7068855f56772287eac510161133a99a71b0193e6c11d3f89,3488,21 secs ago,37111,6 Gwei,0x160ae27608023757860cbee6e5390c42c0c8caf8,0x84e1c8823850d8adc3286f31bc1178f14d243168,0 Ether
0xf7190f2dff1bfd0968a49b556ab6f58727cccb094c6c15158f44eaa6301eaf96,200950,21 secs ago,405266,2 Gwei,0x7dbc5395d1cb5f829bc8eca20f16bed7bceca504,0x8a91c9a16cd62693649d80afa85a09dbbdcb8508,0 Ether
0x0b0b1ebdd980b318b4701ba287b70ad045ebcd28805228e08f41d13af07a61e9,590,21 secs ago,130662,5 Gwei,0x35ec589fabda82efe68679a8c5532992aa8021fb,0xfaafdc07907ff5120a76b34b731b278c38d6043c,0 Ether
0xa8aeb932e0bd76d91714ab342f9c6aca41acecd5dd951f80bab73759909b99d6,4,21 secs ago,63000,10 Gwei,0x2a1f8c2f811212950c9d60641dcfe0e3cf7fd45d,0x70447f1579ec2d6007f99753427794a466c16f4d,0 Ether
0xb0963661f7228ee6df467c48021d236aa7d32b5410d7506f2c36af4866ffc941,126,21 secs ago,186317,3 Gwei,0xbd628f60459b8254b7e58b9bf65425e0b87ff21c,0x080bf510fcbf18b91105470639e9561022937712,0 Ether
0x9fc4402b9607068a41a365ba95e9e0e29d9a0ca1d5652fbf118f8aef3bbcd35c,290512,21 secs ago,90000,20 Gwei,0x2819c144d5946404c0516b6f817a960db37d4929,0xdac17f958d2ee523a2206206994597c13d831ec7,0 Ether
0x682d63568865ee1cab5dbfc09b5efc92c5d554d3c15f8f3ef01607e70d524fe1,33,21 secs ago,56359,2 Gwei,0xe7cc1aa7ec9b2a5fbcae1fc2ebd4abb1b8b3a341,0xc560984d8c4ced2a0eba5790b33b6f43afeef759,0 Ether
0x9b26b2c3898dc359577535bc19c4590947adde472f5c6947a475b3c05bb25e53,0,21 secs ago,49042,3 Gwei,0x6ff322801b7ba735729209c8efaafe3fa5d011dc,0xdac17f958d2ee523a2206206994597c13d831ec7,0 Ether
0x83b00b5bdc2ab10483352e166fda9daa2405e2d5ca6b450ca3e77311bff50e40,681,21 secs ago,60000,3 Gwei,0x3a9ee1f4cd0a4f0826179e5ccdb95d606e5a1e8d,0xdac17f958d2ee523a2206206994597c13d831ec7,0 Ether
0x0cd2c6999b4fd038defc97bd13e2b44e6f4e0525a321c3316c23b9310d032692,3348,24 secs ago,60000,3 Gwei,0x436960e33c7bce0ea39cb83b39f936ea439e122a,0xdac17f958d2ee523a2206206994597c13d831ec7,0 Ether
0x5a4467718a1273bebd91484c3e8258782463fdb9429c83b25da363617a88badc,4231,24 secs ago,21000,31.9 Gwei,0xcd5f8fa45e0ca0937f86006b9ee8fe1eedee5fc4,0xcd5f8fa45e0ca0937f86006b9ee8fe1eedee5fc4,0 Ether
0x09de8cc182b9fec4eaac888674a07aa50ef75dde5438965838f471234908ff53,281472,24 secs ago,239900,8.8 Gwei,0x2cedf8de3933d71c77bf3c08b8d1af32545d9b0d,0x794e6e91555438afc3ccf1c5076a74f42133d08d,0 Ether
0x5b769e8d84646d04b10389f35e8a351eb4e89ac2dad0cbbfb065b982f7d9ebfe,4774519,24 secs ago,400000,9 Gwei,0xa7a7899d944fe658c4b0a1803bab2f490bd3849e,0x2a0c0dbecc7e4d658f48e01e3fa353f44050c208,0 Ether
0xb127344fa3a860e292b479ec8fe086ecd88484ea20a909273e6afd19a6166b72,147,24 secs ago,200000,8 Gwei,0xc6863af23cdf0c5a911d1562b5ee27a9faaffcd7,0xcc16745a1773dd95ab9ed98599b8d9b835e42e25,0 Ether
0xb87923aeae8fd0b492a2f063d745fc1f8e595957db51266dccc0452a57ce8a3e,42772,24 secs ago,210000,19 Gwei,0xa71625a972b88a29265d42468c530a0eb889d136,0x594204d20980c84c2623ed0f4297e4396e6fbd17,0 Ether
0x6f71624fe3d241009ff5ec4d7d94ab85f8e4d79e00b57e826dece62432740f2f,17,24 secs ago,21000,6 Gwei,0x79e624e6d0f0fb9c4976a5e919bb441176d8b02c,0xf0060130128da3c5363b76b37e02cb15b1970b7a,3 Ether
0x6835318366cad2e087ce5fa82ccaa148d1d14d24485bc7e0e9f1d3c842ac2850,245860,24 secs ago,247643,17.7 Gwei,0x1f487a4435f3b730d742aa4b6ef8c9e0a6b9a027,0x794e6e91555438afc3ccf1c5076a74f42133d08d,0 Ether
0xb802bcefc42e0fe26b305b67df9a72c7819757b2e4d1bfe01d52abccbbccf6ae,281470,24 secs ago,246946,18.8 Gwei,0x2cedf8de3933d71c77bf3c08b8d1af32545d9b0d,0x794e6e91555438afc3ccf1c5076a74f42133d08d,0 Ether
0x6ef14d29918d451b571f86cd99bf67d103fa2e19841941b91a2ef694b04f3062,1,24 secs ago,83361,4 Gwei,0x03ceda07214e7357ab736a4d6fb1a2e14dae55c4,0xbcf935d206ca32929e1b887a07ed240f0d8ccd22,0.05 Ether
0x6fd40e727d10dd148470795618508dbd722788ee6c8e64373ce19629c7207978,91,24 secs ago,60000,6 Gwei,0xee3cae0365d52946d95953e9f7c2c2fc5edfeadb,0xdac17f958d2ee523a2206206994597c13d831ec7,0 Ether
0x285ac87619804829edb6cb1575a13cf1b5834f35017b8bfd6eade885c1c06ffb,546997,24 secs ago,140000,35 Gwei,0x6748f50f686bfbca6fe8ad62b22228b87f31ff2b,0xdac17f958d2ee523a2206206994597c13d831ec7,0 Ether
0x774e5182313969fa5c62ee2e56f6760b73c36ab72ef9d0975e569aa51e16b32c,0,24 secs ago,90000,4.752 Gwei,0xa2d1286ee595e96745f80dd75f59441f12ee9bc7,0x9bc2f223026c252c8ef5f7f33f00f4bee21434b8,0.09245515 Ether
0xcdaa09776b85dc05fc6050e8366a3477b28cdbbd78fa33228e7ca4d0c079236e,426587,24 secs ago,65000,34 Gwei,0x8babf0ba311aab914c00e8fda7e8558a8b66de5d,0x68e54af74b22acaccffa04ccaad13be16ed14eac,0 Ether
0xe148bbecb43470cd3c2ea7a2420f23c4b4d005f8e35b673e8e507ba6b1af2308,4,24 secs ago,36449,2 Gwei,0xb6c01773211968ee3a73e24cbea8a00d722fef4d,0x9f76ff3336597feab30f5a66a053ae4a4a7ebe13,0 Ether
0x50404f0764c728c7391428c9f1c72622dbdd64a5f0e40ed671b21c8195cf206a,200948,24 secs ago,277647,2 Gwei,0x7dbc5395d1cb5f829bc8eca20f16bed7bceca504,0x8a91c9a16cd62693649d80afa85a09dbbdcb8508,0 Ether
0x210cb1d5860a1e5ba7b67bb30067c433edb0467e5bc71aee631c1e968c5f2b5a,281471,24 secs ago,353801,18.8 Gwei,0x2cedf8de3933d71c77bf3c08b8d1af32545d9b0d,0x794e6e91555438afc3ccf1c5076a74f42133d08d,0 Ether
0x24331593ff5132efa6c7667f2c097e945f0c05af1a8f9a57f828d1e8343cde92,23,24 secs ago,34852,4.5 Gwei,0x0e92121fa2346855f1e95dea00fda548342f7777,0x9bbc9286cdf6eefebf21df19bac71c6bdd7759d4,0 Ether
0xf7137528c062efe026fe35025d086844c5b17c05d2fc7c07dc88952ff67e646c,79238,27 secs ago,825000,4.915500015 Gwei,0xf809e07870dca762b9536d61a4fbef1a17178092,0x1e0447b19bb6ecfdae1e4ae1694b0c3659614e4e,0 Ether
0xb16b445ddededfff230455dc0bb96685295dccd534b91d17e0a2312675604736,6,27 secs ago,21000,5 Gwei,0xfe79b83a80df38346a72ce6ab47584c7e60abf93,0x2d91f724cc93994beb9c53dbfdeabfe1a684b547,0.001 Ether
0x840b3e7a771760a3607c09a31192f8e11b52b56df4ff6179d70724652458d597,154,27 secs ago,21000,5 Gwei,0x7a0fb4b17175e7e4727524e95bb33f19e42f5dd5,0xc31a8bb270ef43fc9c8a6d69a7524f0b25cd9038,0.1 Ether
0x4d173912a0b3f362f7ac98d21e71a22bbd10577f5b73fccb6eb294087d71e526,3994,27 secs ago,90000,5 Gwei,0xabf9c85bb8cc2296ab292c08f1d8bbae92ed7edc,0xbbe5f5aa4d39d6c3cc1e4f03a1d96adc8940cf3a,0 Ether
0x08e0ab5aa8a586a15de9217bdd429509bb9d505374fac766e3e1f57eb7822343,5197,27 secs ago,152642,5 Gwei,0xb7ae0da6e536ca618a07a1e42a005acd430790c8,0xe9cf7887b93150d4f2da7dfc6d502b216438f244,57.99399647 Ether
0x81e2c0627d714132572f18aa8061a6914f1694c941938a3306b728951d468a3f,99348,27 secs ago,90000,35 Gwei,0xd8a83b72377476d0a66683cde20a8aad0b628713,0x55dd373956ee0d8e6b05a0a217857b245613b89a,4.0745 Ether
0xd098f302a8e259f8a682d25a112cdf5e55fe090bd9eaf9ed8a1453da7d4ee442,1,27 secs ago,300000,5 Gwei,0x717c9b03548c1a2cdc47d0c0f90529c137f2a23b,0x514910771af9ca656af840dff83e8264ecf986ca,0 Ether
0xadd68a3edac5d33a58204d14a663b5f6a88e234d727184968edcb41da557dbb4,98453,27 secs ago,90000,35 Gwei,0x137ad9c4777e1d36e4b605e745e8f37b2b62e9c5,0x39c794110b60971ec62132a9641ad6229781e068,2.495 Ether
0x2062256b932cf87c1836d0705c61164c433ce413c7bdc64fe44e472a65b65c1d,3,27 secs ago,300000,5 Gwei,0xb40cf0046051b271cec09ac75e7c6b58d9234f79,0xdac17f958d2ee523a2206206994597c13d831ec7,0 Ether
0x4c32a709fcafe1a1077ebe91b2d466c089c791301e6353b086f9af2c253ea4b7,184,29 secs ago,60000,3.531250148 Gwei,0x92b90d8aabf751e539d8dc1c769d17ea4b2c944a,0xdac17f958d2ee523a2206206994597c13d831ec7,0 Ether
0x1bfdbe59b84ed7bf63d06faa95d82eff07d24fd9d7fbdb29da341bcbd21cd57a,18,29 secs ago,21000,5 Gwei,0x905b6c0f1aef6f26072c160c1544ac57f6a8e53e,0x6582141ac399b8be531f4cb307e0fb655cfbd818,0.04121 Ether
0x2a007641dc39b34e79a0f558c425467fed3f0c3654cb8c86778e7b45ed7d287e,24,29 secs ago,21000,6 Gwei,0x98afd469b4787e8ad04139cf731e98820ec6a5cc,0xe17b3ea27c9cf35fc1b6e1d17b7d2f5095ecf415,0.6 Ether
0x5f1e4a5408d4d79fb448e7eac386c0e8cd0f04ba3fc1d81743eb245ab14dcb32,7,29 secs ago,100000,5 Gwei,0x0b1709ff1da0ce628c5028e4de3229e7fffd4726,0xdac17f958d2ee523a2206206994597c13d831ec7,0 Ether
0x78e5d1a1f472d63803505c3588b8f39a98afc421be5f9623a8c7fbd905129f70,15,29 secs ago,25200,2.875 Gwei,0x796dabcdc0e560e589fe6b7dbfc1f60b0bc127b7,0xb2f527d9d926a6dd13df9785ee74a8d8fd25da37,20 Ether
0x9e9f84ace8504b98a369588beee25f05df9aec3c1e56ad3ed21de4f8bd9debc8,199491,29 secs ago,1600000,5 Gwei,0x0031e147a79c45f24319dc02ca860cb6142fcba1,0xbc2dba37fb0f55a8dbfba81e9c95760c69bca76e,0 Ether
0x31d672e17987f4346ea31494e879441cc3a0df7dc0e953c868255b871fceb4c5,10828,29 secs ago,70000,2 Gwei,0x148c1155c3beae527908f626c9c3e5076bcf3760,0x4cac2515716ab2531402ca8f992e235189f29c5a,0 Ether
0xf1786144c29ee1d680d1c7e9bdb6f8b7baeffa3af88a2dbd81cb3a1ae3e008c2,221,29 secs ago,52070,2.4 Gwei,0xd8747b8a7e93134358dafb7e09e24cf2fed95abe,0x40e45890dff79e7d533797d964e64a2c0121f49a,0 Ether
0x7593d2eea986e65669c45caeecb6730474e1850f38b58f7c16853ed4966bf431,284,29 secs ago,39248,1.999999881 Gwei,0x7ac30dbd3d85c86f6e7c9d20bd22d5404b5c39c5,0x5e07b6f1b98a11f7e04e7ffa8707b63f1c177753,0 Ether
0xe519beb0b95d4e6d96c5b861eb7ef48c71f1fb1804df1316c5cf9b1ba1d840ca,71,29 secs ago,455861,1 Gwei,0x61fdead182117742f38745ea4023ff3033195ebd,0xd2ed5a61fbe3e23cbc8f36b4878097e5cae3ed87,0 Ether
0x01601006effc1cc4a8d6e183c88d265e5f3b24bd50c388e9de5aca14c4526ff4,819,29 secs ago,131000,3.499999999 Gwei,0xc6c2be189047fb17bdfa4ef4001a219cc54a7ee5,0xdbc6aecfcf4bdc1685b497f0fab18968a5f0dcc7,0 Ether
0x17e1b793c384db3b29bef6626c3c58803e93ef49638c89b41c9b108c96175f67,3663,29 secs ago,21000,3.1 Gwei,0x813074b9a3c964c51ac66b841c2577a3ce1062f6,0xe25f2a07b4268f3ddbd5af740a7da7367e420948,1.5 Ether
0x18fd0121eecebee6fff08616884d46ce103d2045d2ea8484443fbcd95c5109dd,4774518,29 secs ago,400000,9 Gwei,0xa7a7899d944fe658c4b0a1803bab2f490bd3849e,0x2a0c0dbecc7e4d658f48e01e3fa353f44050c208,0 Ether
0x541538d7984820369ea821e50f006c256f25767fdca245db35578e3b0783247a,9,29 secs ago,60000,6 Gwei,0x76e62164b4c8e325056ac9720db14fab4a7141f3,0x8e870d67f660d95d5be530380d0ec0bd388289e1,0 Ether
0x6aa47201b6c9bde665a754b1cca412c95b19e4b6523a4e82cb5713dc0254c176,2370,32 secs ago,21000,5 Gwei,0x256f437a3c8baf96761bcd54e3f93441812082a6,0x37354a900be97e7e70793659d822338738eb7ac5,0.00022 Ether
0x8d0a54cdf1388588b8162bfdb845e41f183cde1def994647963b8a45cb5e5d58,183398,32 secs ago,90000,10 Gwei,0x1f8f16a29251fa399d89e1005e3f95427bf5b1de,0x61032f7f437258890c3cdf786ac24372ebcaa1f0,0.004 Ether
0xe19b4c750e0b72271a659c18e6e4327ba22a523c66a1b559b3c51e8b18de03ac,999,32 secs ago,47021,1 Gwei,0xb8f7a6b92c8485328d8918bc1e9ad29138b180ba,0x916885426255235da7a0bd90447986c00675f9ec,0 Ether
0x6dddc11382a3072d298c15ab73fb8ba4e83129931a2ae71e153006e7e1791818,59,32 secs ago,21000,3 Gwei,0xbe90c3dfa56212543d19c457c259dbe067b8e02c,0xb4fff2bbf8b895c260fffce94350db5ccc7fb878,0.00429018 Ether
0x345348f8f8966d1f0e9adca8c69ed361ffc0cb8a2b34dfda11bf91d88e28c4a0,10,32 secs ago,41221,5 Gwei,0x81f7927586c7f970ccc18e916430537992ba68bc,0xdac17f958d2ee523a2206206994597c13d831ec7,0 Ether
0x92fc429945ee588cfb5bf50b91d786116976e2ab5826088af0ee8728f8497ede,61,32 secs ago,117000,1 Gwei,0x9be38abe90bb2193704ade202d2e17b20d3ca9dd,0xbb5f41e4005a2dd872f1c9b9b52fc7c2553aa5a6,0.0022 Ether
0x43ab0b92e1639f0649f6f314433d56af9ac10842b38985426fdd005426baf240,873036,32 secs ago,110988,10 Gwei,0x59a5208b32e627891c389ebafc644145224006e8,0xa74476443119a942de498590fe1f2454d7d4ac0d,0 Ether
0xef7f74e12cb0406dd6996aeecec4e343be98f027bf1647a331e7c25c0db09170,0,32 secs ago,238889,9 Gwei,0x6664925cca8de3873c058b911e6bd41bf9ac7496,0xbcf935d206ca32929e1b887a07ed240f0d8ccd22,0.03 Ether
0xe367646b075961c1543ff16aa65ac17bd0c4d55852ed9eefe557a474f65f94c3,155,32 secs ago,21000,5 Gwei,0x2a9d230051243306ed7d70ec41ee55a0670c7f5e,0x107c951b20522725a8295f088ee51771e3c7581d,0.214381 Ether
0x43909cf3fffeb88fd877c84dd2ac3f09d432379b6fe89a5407001b594b1d0e42,817,32 secs ago,158855,2 Gwei,0xfab9a3d37999e12252b47468d2ffd4be15936012,0x30e0130141b3f113480a5941ca180ad8c5f98612,0.006 Ether
